{
    "Gestion": [
        "ch",
        "chall"
    ],
    "Informations": [
        "alladmins",
        "allbots",
        "botadmins",
        "boosters",
        "rolemembers",
        "serverinfo",
        "role",
        "channel",
        "vocinfo",
        "botinfo",
        "user",
        "pic",
        "banner",
        "serverpic",
        "serverbanner"
    ],
    "Moderation": [
        "ban",
        "kick"
    ],
    "Gestion des permissions":  [
        "guideperms",
        "perms",
        "commands"
    ],
    "Owner": [
        "wl",
        "unwl",
        "wls"
    ]
}