{
    "English": ["EN-GB", "🇬🇧"],
    "Français": ["FR", "🇫🇷"],
    "Deutsch": ["DE", "🇩🇪"],
    "Español": ["ES", "🇪🇸"],
    "Italiano": ["IT", "🇮🇹"],
    "Nederlands": ["NL", "🇳🇱"],
    "Português": ["PT-PT", "🇵🇹"],
    "Polski": ["PL", "🇵🇱"],
    "Русский": ["RU", "🇷🇺"],
    "日本語": ["JA", "🇯🇵"],
    "简体中文": ["ZH", "🇨🇳"],
    "繁體中文": ["ZH-TW", "🇹🇼"],
    "Dansk": ["DA", "🇩🇰"],
    "Svenska": ["SV", "🇸🇪"],
    "Suomi": ["FI", "🇫🇮"],
    "Čeština": ["CS", "🇨🇿"],
    "Magyar": ["HU", "🇭🇺"],
    "Română": ["RO", "🇷🇴"],
    "Slovenčina": ["SK", "🇸🇰"],
    "Български": ["BG", "🇧🇬"],
    "Ελληνικά": ["EL", "🇬🇷"],
    "Slovenščina": ["SL", "🇸🇮"],
    "Eesti": ["ET", "🇪🇪"],
    "Latviešu": ["LV", "🇱🇻"],
    "Lietuvių": ["LT", "🇱🇹"]
}