{
    "0": [
        "ping",
        "allbots",
        "rolemembers",
        "boosters",
        "serverinfo",
        "role",
        "channel",
        "vocinfo",
        "botinfo",
        "user",
        "pic",
        "banner",
        "serverpic",
        "serverbanner",
        "find",
        "calc",
        "wiki",
        "translate",
        "snipe",
        "speed",
        "invite",
        "helpall",
        "help"
    ],
    "1": [
        "warn",
        "warns",
        "clear"
    ],
    "2": [
        "ban",
        "kick"
    ],
    "3": [
        "ch",
        "chall",
        "alladmins",
        "botadmins",
        "embed",
        "renew"
    ],
    "10": [
        "owners",
        "wl",
        "unwl",
        "wls",
        "perms",
        "switch",
        "customperms",
        "guideperms"
    ],
    "11": [
        "owner",
        "unowner"
    ]
}